Deal_title,Success_probability
TitleAD16O,63.8
TitleOW6CR,65.7
TitleVVJQ5,70.5
TitleUS8NA,67.1
Title5VGWW,69.2
TitleE2WOK,64.0
Title8CF62,62.7
TitleF8687,51.4
TitleWNTYU,58.5
TitleXK47X,61.9
Title2QCON,65.6
TitleR9W92,70.0
TitleY5USZ,62.3
TitleY4MJP,67.6
Title1W8YF,64.7
Title9HII9,67.2
Title725I7,66.8
TitleTB8A9,60.8
Title9CM6M,62.4
Title2ATAG,78.5
TitleAKV0K,70.4
Title40AN7,66.0
TitleQC654,54.1
TitleDYIL3,54.1
TitleEX1S3,69.3
TitleAMLDL,68.4
TitleQH7E7,58.0
TitleT52E7,61.5
TitleTGRSX,62.4
TitleNL1RF,64.3
TitleXOLYB,61.3
Title6M0R1,57.0
TitleO3EA1,66.7
TitleDOHV2,68.3
TitleBZERW,63.8
TitleGD2UX,56.4
TitleWLHM9,70.3
TitleKCOAN,65.9
TitleZLSEG,55.1
TitleIJCLT,62.4
Title6TO0C,60.3
Title6G0HX,63.2
TitleOI849,63.9
TitleFOU96,67.5
Title1JMW2,58.9
TitleEK2G5,75.3
TitleFCVZZ,63.6
TitleYWT9O,56.4
TitleONFNK,58.5
TitleYBWHO,55.8
Title0ABZU,63.0
TitleRL0H9,62.6
Title7EQFB,70.7
Title4EV1D,70.2
TitleBGKH2,63.3
TitleDTP0Z,67.4
Title11K82,70.2
Title7VF6X,72.9
TitleQU2CO,49.3
Title64YS8,68.9
TitleFIM0Q,62.5
TitleCWEHX,57.6
Title92460,63.3
TitleWJ99Y,74.1
TitleKRL1N,73.0
TitleL3YT1,58.2
Title38LJL,65.4
TitleH6EHH,55.6
Title85MTC,59.6
TitleKHY4R,59.0
TitleVSLNT,72.4
Title87H8W,67.8
TitleF6Y3O,65.3
TitleARV9A,59.8
TitleNOVXO,69.6
TitleB9BV2,71.2
TitleBJ1RG,67.8
TitleCEJAA,59.8
Title6IXFW,69.8
TitleMMMJ8,62.9
TitleS2KHC,68.7
TitleBQCK8,68.8
Title49KAE,64.7
TitleI75WO,64.2
Title89CC9,63.8
TitleQH1LB,68.1
TitleO4EZA,54.8
Title29I32,64.6
TitleQS6HG,60.7
Title3X354,65.1
Title7O1LX,67.0
TitleTL3RY,69.1
TitleGNLFA,72.8
Title2LWRP,56.4
TitleASNW8,65.6
Title17AXX,65.4
Title1ZNU8,63.2
TitleI91SM,58.2
TitleT3O89,60.8
Title7SN4U,67.4
TitleXTN7N,66.5
Title60US8,62.2
TitleHQHV8,62.0
TitleKRERU,65.3
Title2LMSH,57.9
TitleRUNZZ,65.0
TitleNWNCQ,65.9
TitleX4XVX,68.5
TitleZZ8C4,61.5
Title40VOT,57.4
TitleVJE93,63.5
TitleT6IFU,56.5
TitleJTB5C,69.2
TitleP27G5,74.9
Title9MOY9,63.8
TitleL2MIQ,55.7
Title4C0R3,67.3
Title9M68F,61.2
TitleTV4EP,68.2
TitleGRQSE,69.0
Title66KV3,62.4
TitleZGL83,60.4
TitleDXX1I,62.5
TitleJEC3R,58.4
TitleJ86PA,66.9
TitleY63E7,66.0
TitleTIZWH,67.3
Title8Q2VE,60.4
TitleU4TJJ,61.1
Title3DJSM,63.2
TitleQK0GK,64.4
Title1RJEO,60.3
TitleQLAAT,61.7
TitleE5SMZ,65.1
TitleBCI7X,70.2
TitleEJ8QG,61.9
TitleF952N,59.4
TitleTSFVY,69.1
TitleMDHHH,71.1
TitleRHKWU,56.6
Title5FQ2D,68.6
TitleC9DTF,59.1
TitleMNACX,51.4
Title3HAQN,67.2
TitleVZ77S,61.7
Title9XK7J,62.2
TitleXAZ58,63.9
Title5AVS8,62.6
Title2GZ5L,63.8
TitleQVCQO,68.4
TitleQU41K,57.2
TitleMSQ29,71.4
TitleGF3AR,63.5
TitleM1Y03,60.4
TitleO050D,69.0
TitleMY1JL,70.0
TitleHR6TI,68.7
TitleQYD01,63.0
TitleDTQVL,69.1
TitleL0TYU,55.6
TitleCBNHL,59.4
TitleKU2HW,66.0
TitleVLF3R,57.1
Title8ZAVN,58.6
TitleZQS1N,67.7
Title6RJPI,67.5
TitleFITS4,67.5
TitleH7DCS,64.9
TitleW6KGP,65.4
TitleB19A4,65.9
Title3K0H0,68.7
TitleQETZZ,63.1
TitleMMOKL,69.7
TitleVB7TN,62.2
TitleP31A3,78.9
Title84WTP,66.2
Title8O71H,65.3
TitleEOOL3,54.9
TitleSL7PN,70.2
TitleNNMNX,69.3
Title94T7J,66.8
Title5TW58,69.9
TitleFSOQQ,76.9
Title3U0Q9,53.2
Title5TU5S,56.3
TitleZ0JY8,63.5
TitleTXY8Q,48.5
TitleVFIT3,66.8
Title7U9QA,71.7
TitleYQ0XO,60.4
Title7MGIZ,66.7
Title9072O,55.4
TitlePIGTN,53.9
TitleN0MYB,56.5
TitleRIWZ8,66.9
TitleZIGTQ,72.3
TitleTW439,62.6
TitleUIT6V,63.0
TitleR6XH3,71.7
Title58R3H,54.0
TitleDEBAJ,63.1
TitleQZ64P,66.7
TitlePR1PN,62.0
Title482NU,60.4
TitleGZLAP,68.1
TitleS9B92,71.7
TitleY95FX,68.9
TitleFMC0D,57.1
TitleI0INY,73.6
Title0GAJI,66.5
Title6LA9P,69.9
TitleKILVF,68.0
TitleAITZX,58.5
TitleL6A1J,73.0
TitleCYT9J,60.5
TitleDST6L,72.4
Title6BNFS,59.4
TitleXAPT4,67.0
TitleHJ3WF,67.8
TitleNDJ2A,57.2
TitleYYGY8,63.5
TitleCVP13,59.5
TitleL7DS2,61.2
TitleVO0MI,69.5
Title1QLMW,74.4
TitleAFWVU,64.3
TitleMQGXY,58.9
TitlePS05F,61.1
TitleTBPD7,84.4
TitleSC6IH,52.5
TitleWMDY2,66.2
Title8AXHN,58.3
Title8WJ3G,69.9
TitleSYQ3F,56.2
TitleF0S76,69.2
Title23FI5,54.7
TitleYM00H,68.5
TitleV4Q21,63.4
TitleZW3VH,61.5
TitleWTD4L,65.3
TitleHGN2A,60.7
Title5NAK8,69.0
TitleAFWDD,55.6
TitleCVTAZ,51.2
Title6S2L6,69.8
TitleU7VJM,61.4
Title25JJZ,64.3
TitleU2OST,60.8
TitleZK1N8,68.4
TitlePJS42,59.8
TitleT2N5V,70.9
Title2WV7J,70.0
TitleFAB82,71.0
TitleUP3M1,73.0
TitleT2JNN,61.0
TitleCLQNO,62.0
Title9R03I,60.5
Title07QDY,62.2
Title2IVM3,59.0
TitleVP36Q,59.1
TitleK4XJS,64.7
Title4B9AT,62.7
TitleIKWWI,60.2
TitleGIP04,68.0
Title9PWR5,65.2
TitleFPMEZ,60.4
Title2I5M7,60.1
Title9R98H,56.4
Title0NIZP,66.0
TitleWNR0U,62.8
TitleAHKSJ,59.3
TitleJQHWZ,70.7
TitleY63MM,82.1
Title7R26O,63.7
TitleERLRI,56.9
Title9DNDI,66.5
TitleN1GIT,66.6
TitleZHHGX,69.9
TitleILO9W,57.5
TitleV8J6I,68.6
Title6FUHU,73.9
TitleKU88H,58.2
TitleGWFWJ,61.2
TitleQUUJE,62.9
Title1CUT0,71.9
TitleRPEUI,63.4
TitleRWN0X,70.5
Title2TB8F,63.5
TitleJBP95,68.9
Title2EHEM,75.8
TitleJZ4ZZ,61.9
TitleUR93W,62.0
Title2EEYL,70.4
TitleQKKKC,63.2
TitleBV5KY,68.6
TitleYEHWZ,60.3
Title9GWVF,58.5
TitleLF6V7,58.1
TitleGEZF0,59.1
TitleLNVE2,70.4
TitleM0Z66,60.5
Title0Z5ME,77.6
Title72FQJ,52.3
TitleRIG9O,66.3
TitleSNRHC,66.4
TitleZYG49,67.8
TitleL7PNT,60.1
TitleR0QR3,70.0
Title853VR,72.0
TitleAHYGU,61.6
TitleUE5GI,64.0
TitleWQE72,67.3
TitleB3YJF,66.0
TitleP5WMY,60.4
TitleP1ICM,68.0
TitleKK5F9,60.2
TitleMD7B7,57.3
Title6PDLX,67.8
Title7KCK3,63.3
TitleE82ZH,67.4
TitleSOLQY,53.8
TitleCQMFZ,63.8
TitleGMHJJ,72.7
TitleY3CTI,58.1
TitleE0F81,64.0
TitleZFA8I,60.6
TitleULSDL,81.1
Title34CJS,59.9
TitleS9KBI,67.9
Title6CM5T,62.0
TitleLYI3U,67.2
Title38R86,64.2
TitleS82G6,67.0
TitleSYV81,62.4
Title9UUQ3,64.9
TitleHMB3O,66.4
TitleBC20O,68.5
TitleYXY72,59.1
TitleV507Q,57.5
TitleD1JZI,61.9
Title0MNUW,69.6
TitleKSO5Y,61.6
TitleZ5ZLQ,62.0
Title2M7AV,53.9
TitlePQYAC,61.2
TitleN5OC4,56.1
TitleG1V42,67.7
Title4M0M0,66.9
TitleQBMS6,64.7
Title2LAUA,58.8
Title0GLCX,69.3
Title72Y5L,61.4
TitleFCGPO,55.6
TitleOMYPK,66.0
TitleBZMHQ,61.6
Title3MF67,73.1
TitleJLN3N,59.9
Title881YW,63.9
TitleXH1PW,58.1
TitleKUO6X,65.2
TitleRVF5F,56.3
TitleFS6PM,63.9
TitleBLK74,59.5
Title5SA8C,62.3
TitleQRM70,63.4
TitleD8SRX,69.5
Title30J3Q,65.2
TitleHD2QJ,60.7
TitleSEOJC,65.8
TitleFWTDO,72.5
TitleTL45U,62.1
Title3CYSC,62.5
Title777LR,64.0
TitleJKMVS,60.8
Title5SU1I,77.0
Title7OAQB,65.6
Title7JR4T,72.2
TitleOK4D6,58.2
TitleVWZ8U,56.3
Title2BFXG,64.4
TitleQA2XL,72.1
TitleCRJ51,59.3
TitleA1E4X,65.5
TitleKDPSC,55.2
TitleQD7TQ,66.8
TitleTXY5O,53.4
TitleEG6MZ,64.4
TitleS8CK2,66.8
TitleXDTHO,56.5
TitleY3QME,56.6
TitleSV0GA,57.3
TitleXP7EA,62.2
TitleUUFCT,64.2
TitleFJN80,56.2
TitleNY5WX,70.3
TitleRJ1CV,54.9
TitleN40KU,70.4
Title8HF4L,70.2
TitleWTQHE,60.8
TitleJ8X0T,74.3
Title5WYGO,71.8
TitleOX8KK,60.5
TitleZPRX1,73.4
TitleGRFOA,71.5
TitleV587I,63.9
TitleKW46K,58.4
TitleZJ2K4,64.1
TitleEPO7G,67.9
Title4KC4G,55.1
TitleSQ1UX,65.2
TitleXTSXA,50.2
TitleN9D7T,71.2
Title3KSPR,63.4
TitleBSPVW,63.9
TitleIZBD7,54.2
TitleH7U28,68.4
Title1OE44,68.6
TitleVT583,60.0
TitlePLYZ7,61.7
Title5ELG8,66.6
Title6021C,63.0
TitleD6QWR,52.5
Title25DXW,67.2
TitleKQ4GN,64.3
Title212WI,65.6
TitleBLB0L,69.3
Title7D9HI,67.9
TitleEBE82,66.7
TitleV2GHR,65.7
TitleNEB47,57.3
TitleQKO2E,67.7
TitleC1EPZ,68.1
TitleW7GAO,67.3
Title4KKQU,58.8
Title62W3F,63.5
Title5P4GX,59.3
TitleXKYVF,53.1
Title5P66J,70.8
Title1EE9R,66.0
TitleXVCR2,67.6
TitleK44RW,65.2
TitleDWYFP,71.5
Title35K93,69.2
TitleD6C58,63.2
Title37QC6,59.3
TitleEJBN9,53.9
TitleID60J,70.1
Title5ZBJ5,71.5
TitlePCO6B,60.6
TitleM8580,72.7
TitleIAQL1,61.3
TitleWLCXK,55.8
Title5NO46,60.0
TitleAI3PE,53.6
TitlePCQZJ,76.2
TitleHMKTR,58.8
Title68F6W,71.1
Title2SOBE,57.8
Title6QIWC,59.8
TitleWO5WW,70.8
TitleJ6LKX,72.8
TitleEEWU5,62.6
TitleAX85X,60.3
Title443L5,68.7
TitleQC1J3,70.2
TitleNUPCU,64.5
TitleGUX97,56.0
Title5I6VM,64.4
Title728I0,63.6
Title96ZGF,57.8
TitleLU0NA,62.5
TitleEMAGD,73.5
Title9H3O7,65.3
TitleM3CS3,63.9
TitleP597Y,68.7
Title01DZ1,55.0
TitleLNNSR,58.4
TitleHOIHH,62.2
TitleGBS9Q,63.7
Title30FYE,67.6
Title2SUCH,68.3
TitleE9XI2,72.6
TitleDA82X,61.0
TitleYW8HR,66.5
TitleJN6AI,72.4
TitleH2MWB,59.7
TitleYQVSH,63.4
TitleQRZJP,66.7
Title24RUL,58.5
TitleCRE6X,64.5
TitleR43PJ,70.1
TitleP2K1E,65.2
TitleAOBGF,67.2
TitleHBYUY,64.8
TitleEVCML,65.1
TitleZFAPT,53.7
TitleYIUI7,69.5
Title1FPQK,69.5
TitleUJWBW,59.6
TitleBJYR7,60.6
Title8JTF1,56.7
TitleTZA49,60.3
TitleT1B7R,66.8
TitleAM3CB,56.2
TitleWO5ED,55.5
Title2TMWH,66.3
Title06VRW,61.8
TitleYV0UP,60.1
TitleO4V34,66.6
TitleFKSK0,69.4
TitleNEH76,69.7
TitleAVXZC,57.5
TitleV60DG,65.1
TitleUTZ31,63.0
TitleC2PWK,67.8
TitleE4HGA,65.6
TitleS3ZB0,62.8
TitleIP9KH,60.2
TitleCGSRD,69.0
Title5QXSN,67.3
Title5Y2T3,62.4
TitleWD6V4,67.8
TitleXFC6B,71.4
TitleG41PJ,58.7
Title8I7VJ,65.7
TitleCIF2Z,67.0
Title3V4QG,58.7
Title73XMP,57.4
TitleQLI7E,69.8
TitleQ7I7W,68.1
TitleJ4DQW,54.3
TitleKSVLN,58.6
Title6MJU4,61.9
TitleAYMCE,53.0
Title043KJ,64.0
TitleS0GE1,67.8
TitleZNARU,65.6
Title2PJZB,64.6
TitleP0GZJ,67.6
Title38AOP,63.6
Title2FI5G,66.6
TitleYMGMA,67.4
TitleAWKNH,66.6
Title5UDJC,63.4
Title8O4SI,72.8
TitleQAJYO,64.5
TitleV0DBN,64.1
TitleVZPED,57.6
TitleO1AYG,64.1
Title5P39E,72.0
Title108RD,58.9
Title1HV11,59.0
TitleREAXR,74.1
TitleYHGTP,60.2
Title1FBD5,58.4
TitleXIV7E,59.6
TitleHBD7W,68.7
TitleSNRI6,61.3
TitleJNM2W,66.3
TitleLT4SL,70.5
TitleAXAZF,65.0
TitleZWBNC,62.9
TitleQJ4WL,53.2
TitleCR7DT,62.1
Title3NIBO,60.3
TitleZL24H,57.1
TitleFQSKJ,61.4
TitleBNU2C,71.1
TitleKD877,58.6
TitleFQJXF,63.0
Title64GLO,65.5
TitleMSE5Y,63.4
TitleQZ49S,60.7
TitleJ4L5V,64.9
TitleFNW5B,62.4
TitleF9B29,64.0
TitleS1YFA,62.5
TitleHRIXA,70.7
TitleQ6MXK,71.4
TitleSUBDW,63.8
Title83RZD,65.9
TitleUZ1WK,69.8
TitleFXCG1,61.8
TitleGB31Y,56.4
Title4V7DH,66.2
TitleXKJOO,70.0
TitleL4PKX,59.2
TitleXJ4U2,66.4
TitleF5WUU,62.0
TitleCXS2J,65.4
Title3E422,73.1
TitleSA53I,68.8
Title4TW3L,67.7
Title2JPQN,65.6
TitleVGL10,61.3
TitleC0Z97,63.6
TitleZWGTT,65.2
TitleHRY59,63.0
TitleCA0PS,59.5
Title92JV6,62.7
Title921U4,64.0
TitleEE9YB,64.0
TitleUXYL0,54.8
TitleU6AP7,65.9
TitleEMRKZ,84.6
TitleIR8CL,68.1
TitleDR4D4,80.2
TitleI7MHB,68.9
TitleJYDUH,62.8
TitleOOHW2,68.0
TitleAA0K2,59.9
TitleQI6S3,64.1
TitleEN5WF,54.7
TitleASAWY,69.3
Title0XG83,57.9
Title7R23W,58.2
TitleWHX4L,57.8
Title1ER2Y,70.5
Title9VTVJ,64.1
TitleWRVN0,57.9
TitleN0LUE,68.4
TitleYXVMN,66.7
TitleQ0LPL,71.8
Title56GMA,58.1
TitleLI03A,65.6
TitleWZ253,72.4
TitleLXK51,74.6
TitleDGNUU,64.1
TitleMQ41O,63.9
Title25ZKS,68.4
TitleNR8HN,51.1
TitleCPVCW,70.8
Title8KABP,70.2
TitleIMHXK,68.0
Title7HHOZ,62.7
TitleMGECQ,60.7
TitleOQU6Q,55.1
Title3T8Q8,64.0
TitleH4R55,63.7
TitleJ69RU,60.3
TitleC7RYX,58.1
TitleURF8X,62.1
TitleJLQ0Y,64.9
TitleSZL62,64.2
TitleKP3U7,51.6
TitleTRE3S,66.1
TitleN6F2A,67.4
Title4LFA1,69.9
TitleNU02U,69.8
TitleZFXCP,62.3
TitleMMAZY,62.0
TitleYNGW5,53.5
TitleMMDN8,63.1
TitleJJOCR,55.6
TitleISH2D,70.7
Title6OWJL,61.9
TitleJE4O9,59.7
Title3Q4OR,58.9
TitleH0UQK,54.5
Title5LQOQ,70.7
TitlePN59V,68.9
TitleAIMZ4,67.2
TitleR0HQW,61.8
Title86L33,70.8
TitleN7R4T,58.0
TitleMAO9L,67.3
TitleY6XA5,70.0
TitleI8ERD,65.5
TitleUJYEL,72.8
TitleKYSRZ,63.7
Title7RZD6,53.6
TitleOVNNA,64.5
TitleXCW6I,66.2
TitleC700S,70.8
TitleTV7P4,66.0
TitleRQ5OT,69.6
TitleU6ACG,69.7
TitleP1WHY,70.3
TitleAJ8XX,62.1
TitleX99W6,59.9
TitleY1SAV,60.9
TitleID0JM,64.1
TitleLFI9R,75.0
TitleQ7FOO,62.2
TitleYLBWY,70.3
Title8SPUR,65.4
Title9HRQL,62.7
TitleUHPKX,72.9
TitleBLUPD,65.6
TitleS73N4,57.1
TitleLHPZC,64.4
TitleKXZVP,80.5
TitleQ8ZJ5,69.9
TitleVQ58V,62.3
TitleRCGOM,62.5
Title205FL,64.3
TitleQ0JJA,65.7
TitleNKJ1P,61.6
TitleDL5RK,60.5
TitleDXHHB,67.2
Title1HO0Y,68.2
TitleR0GBY,74.4
TitleGW5DY,66.5
TitleZ6KT9,56.2
TitleA5BKG,66.9
TitlePSZTQ,57.5
Title3VAP1,63.6
TitleULTS1,60.9
Title280ZR,69.4
TitleW4DV8,45.1
Title0GAD5,72.7
Title1N8A6,74.3
TitleFLH8A,64.7
TitleH23CM,68.8
TitleT269F,65.0
TitleR5U46,58.5
TitleZEREP,57.1
Title7HJF4,61.4
Title8PQZL,57.2
TitleEGIZM,70.6
Title408P2,63.6
Title8GRU3,58.8
TitleW1T1J,62.2
TitleJISI6,59.8
TitlePCZK5,63.5
TitleR6W9K,63.7
TitleS398A,57.1
Title3O3Z7,57.4
Title76D08,66.9
TitleNXYVG,61.3
Title1ZANJ,61.6
TitleY3W82,66.2
TitleY7YHY,59.2
TitleXX8MH,60.6
TitleUO1RJ,67.9
TitleW91AR,59.1
TitleXTQNO,61.3
TitleKY5CH,66.5
TitleK5PA7,70.5
TitleMNYZG,66.3
TitleFZWCL,68.6
TitleRTETD,62.8
TitleRM0AT,64.2
TitleF2I93,54.8
TitleCGK0T,65.9
TitleLDY20,68.5
TitleG7ASQ,76.7
TitleQ0LC9,70.6
Title6F1QJ,63.7
TitleNV8HX,61.0
Title5RB1Y,58.6
TitleZFZU0,59.3
TitleSV3V8,68.6
TitleQ0D4D,62.8
Title1N86W,68.4
Title96N3Z,67.7
TitleM1RQ5,65.2
TitleFZ9P9,64.3
Title5TEF6,51.9
Title2JDEQ,72.4
TitleDT2SJ,68.0
TitleUH7UE,59.4
TitleX8GD0,61.9
Title39FPS,61.8
Title41VTG,57.1
TitleGM3Q4,67.6
TitleJG6EE,58.5
TitleB59S5,70.5
TitleM5YGV,59.6
TitleRDY6Q,57.3
Title2DZSU,70.3
TitleQ6AE6,72.1
TitleXF7WO,59.6
TitleQUNLH,69.7
Title3XAGQ,65.9
TitleTJYTM,65.2
TitleMXYD9,60.1
TitleZVEUN,65.8
Title6I28C,70.3
TitleJVPCM,60.4
TitleKMH84,68.7
TitleUZH7Y,60.6
TitleJT4D6,55.3
TitleO6I2Z,59.8
TitleKJW77,58.4
TitleIS8WY,54.8
TitleDBU52,62.6
TitleX53DD,65.0
Title2U4U7,69.5
TitleFIMG6,67.4
Title84QHN,76.8
TitleL1CUK,74.9
TitleCKTYO,66.1
TitleA3J06,71.4
TitleSA5JQ,72.4
TitleVTIQ0,56.1
Title20LYN,61.3
TitleLYJHC,70.3
Title79OW9,62.2
TitleVDS21,69.2
TitleL2JEW,51.3
Title91TMK,69.1
TitleNQ6UW,64.4
TitleFZGVV,77.3
TitleRJCDZ,57.6
TitleHHBDW,63.9
TitleSRVI6,69.1
TitleBKT65,63.1
TitleVG340,61.4
TitleJ7HCY,53.6
TitleZ96R8,71.1
Title4WUD8,65.1
Title2BP97,51.6
TitleD1HSV,71.7
TitleC2UUJ,64.3
Title9G7Z7,70.2
TitleI1KEN,65.6
TitleKPLT4,51.0
Title4ZWP5,61.9
TitleBS0WL,53.3
TitleKKWCA,58.0
Title0FU5S,66.9
TitleE0KRJ,67.9
TitleVVRFD,63.5
TitleHT658,73.8
Title852B3,67.3
TitleUXIF0,64.0
Title9JWRB,69.3
Title8UR96,54.9
TitleZ7KJ0,60.2
Title8FJ5H,53.1
TitleHH06V,71.1
Title9I3T6,65.0
TitleF8HC1,63.9
TitleON8DS,63.5
TitleSAZ3H,59.8
TitleDYABC,71.0
TitleW88NY,69.0
Title82CIH,59.4
TitleO56QD,56.8
Title3MLCN,68.7
Title7UY6H,69.0
TitleDNR3M,62.8
Title7B6CX,72.5
Title07MM6,59.8
TitleI9IAV,64.9
TitleYK4LF,63.9
TitleBQUYG,71.7
TitleRV8BW,57.2
Title5ITDB,64.4
TitleW76GX,60.0
TitleB729Z,67.0
Title6YTWX,69.5
TitleQ8BFC,66.6
TitleV27SW,62.9
TitleLDP9Z,67.6
Title54BZJ,68.9
TitleK9D3B,62.8
TitleAAQG7,62.9
Title2WVH7,67.8
TitleQMG6A,55.1
TitleOHTAM,75.8
TitleV03GG,48.1
TitleWSZ3T,67.1
TitleAVXHK,58.5
TitleVTXCA,63.4
Title7941F,72.6
TitleT93VF,55.3
TitleED8J4,65.1
TitleBNIB0,61.4
Title8L2FQ,47.9
Title013WA,66.3
Title6U8JD,62.8
TitleIZ79K,65.3
Title5PLDW,61.1
TitleXUBFQ,59.2
TitleXQ02F,66.6
TitleA12R8,64.3
Title2CV9B,54.5
TitleU8E3D,53.9
Title9PCE2,68.7
TitleP0FXZ,62.9
TitleCFQ3K,71.8
TitleMGDZ8,59.4
TitleIG909,67.9
Title6JM16,61.6
TitleAGWZH,62.4
Title5DKVV,69.5
TitleFFUCT,57.6
TitleGV7XI,67.4
TitleZL409,59.5
Title31RSX,57.5
Title3JEMA,66.9
TitleZB5U0,55.6
TitleM109I,64.4
TitleU7WEV,67.8
TitleO3PQQ,62.7
TitleVDD91,64.5
TitleOJV2K,53.5
TitlePLWWG,66.8
TitleBCQIN,60.9
TitlePKRME,63.3
Title9IF16,63.0
TitleNFJJ0,62.4
TitleS0ZXM,66.7
TitleVHI07,60.0
TitleI6DYI,65.7
TitleZQRIZ,61.5
Title7APVX,69.2
TitleHFKTG,66.2
TitleGUFXV,77.2
TitleN3VPE,59.0
Title31RKT,76.4
TitleY0HVR,57.9
TitlePQ5SJ,64.2
TitleWJZHU,64.4
TitleM49YE,61.2
TitleUMLYA,70.0
Title9BHDG,65.7
TitleBSAAD,67.0
TitleE0CW3,58.2
Title73ZNE,54.6
TitleXZSVX,69.0
TitleTBE5E,66.5
TitleXNL80,65.1
TitleJSMS5,54.8
TitleQ9F4N,59.9
Title3PIBO,64.8
Title9NZL7,66.9
Title7IIH3,58.3
Title57ZHD,58.9
TitleM217C,62.9
TitleEDOCD,68.7
TitleMEH6X,66.4
TitleDUQ23,57.5
TitleDJKZD,67.4
TitleK3CB0,58.1
TitleQDGJS,66.6
TitleT4ZWO,56.5
TitleE38OK,56.6
TitleSQBLU,61.6
TitleLPIH0,62.8
TitleEH1XB,63.5
Title9LMWD,74.7
TitleIY4JP,70.0
Title32BHO,67.3
TitleWRFTS,66.1
Title6R8YY,61.1
TitleR4LB9,55.9
TitleE1AWV,66.3
TitleH7YB1,54.6
Title719HX,61.2
TitleESQPM,73.5
TitleOZOUT,64.5
TitleXKOLD,67.7
Title4ZA24,78.3
TitleLQHNU,64.4
TitleY9IG8,58.6
TitleT6ISM,66.8
TitleA6121,67.7
Title375P6,67.8
Title0I86K,65.6
TitleVIVN9,70.8
TitleOWJAW,73.8
TitleBBMUM,65.0
Title9VFH9,67.4
TitleR11CX,60.9
Title82DQ7,65.5
TitleIVLS7,69.8
TitleVZIVX,83.9
TitleMREEV,65.6
TitleZLTMX,66.8
Title1KYR7,65.4
TitleO0AIE,66.1
TitleBE5HO,63.0
Title85EPD,58.2
TitleUAJOX,63.0
TitleKXLZ1,63.0
Title6SVNM,67.0
TitleIJNJZ,62.5
Title9ZE5W,57.6
TitleMPJT7,65.7
Title9A9O6,67.6
TitleIU0LO,73.9
TitleVAKQY,70.8
Title2K1OA,52.4
Title72SUU,66.8
TitleH1PWT,69.7
TitleQY76J,60.5
TitleKDURS,64.1
TitleZA3HK,70.8
TitleYAU4L,62.7
TitleCYJDK,65.4
TitleKANYG,61.6
Title1HQYD,70.1
TitleZTMJJ,63.2
Title1L5SN,60.5
TitleZ5ZYD,74.0
Title6TYUI,60.3
TitleBHSPR,52.3
Title4B3IC,67.6
TitleH13PD,68.9
Title9V62Y,62.2
TitleSAMZQ,65.9
TitleQALDY,71.5
Title87TBE,64.2
TitleAWG5Y,57.1
TitleYKL1L,59.1
TitleUXOC3,61.5
TitleLRKK5,56.8
Title5IV1R,58.1
TitleRSLKR,63.7
TitleNYKLA,55.9
TitleXU29Q,70.4
TitleXWKBQ,66.9
TitleLPACI,58.2
TitleR9F1M,66.7
TitleQHTDD,67.5
Title4FRC1,60.8
TitleY1IDY,67.2
Title9RQ55,62.0
TitleZHCIX,64.7
TitleOCI7Q,61.1
TitlePN8Q4,59.0
TitleAULBR,73.5
TitleHVKUX,67.1
TitleMF27R,57.4
TitleEEMZV,68.7
Title0DBE8,58.7
TitleDKL6N,64.0
TitleK5NCL,64.1
Title6HL1Y,58.3
Title9JHMK,66.1
TitleY9SAK,62.3
TitleEL816,60.2
TitleGBPVN,65.4
TitleBGCH2,58.7
TitleD338P,61.8
TitleESWIC,64.9
TitleHJOQV,59.9
TitleOU3NF,64.2
TitleRVK2Q,67.9
Title80F7S,57.8
TitleEP4N9,67.9
Title92JGX,68.7
TitleLKGP0,57.1
Title1T6W8,73.0
TitleUBYP7,60.8
Title27VTQ,62.0
TitleUGIJV,65.7
TitleK9KZ8,59.4
TitleDE9J9,55.8
Title9BIKV,68.3
TitleL4JQC,71.5
Title8X1FT,56.9
Title8XQ8J,67.2
TitleHDQKC,70.7
Title2NJU1,60.3
TitleJSQUT,67.7
TitleX0SS2,68.7
TitleO64ZW,73.4
TitleODYJX,63.1
TitleX2GH0,61.6
Title3R3GZ,67.3
TitleIPLGP,72.0
Title2ML34,61.0
Title9IOB9,73.5
Title9E343,57.0
Title3RKQV,57.0
TitleAEYIF,55.0
Title1ZZK6,62.0
Title9248W,69.5
TitleOTY4L,67.2
TitleNIEBG,66.5
TitleJ5RYP,64.3
Title58W1F,63.4
TitleJW6MX,57.8
Title1NU6J,60.7
TitleAA8Q4,57.7
Title0ZIU0,64.9
TitleRWTCH,66.3
TitleZMHRB,62.0
TitleTWH5D,68.9
TitleQ2TLG,63.7
TitleITK46,69.4
TitleR8ZKN,69.6
Title0UAXO,72.4
TitleM7ZNX,65.2
TitleUT7Z4,62.7
Title2GENZ,58.8
TitleTOSC0,68.1
TitleN3HOJ,68.9
TitleA9OBP,60.5
TitleX9YLI,68.4
TitleRGN7H,67.2
TitleQ87RT,61.5
TitleG8IJX,67.7
TitleQ28IV,68.7
Title2B84M,65.7
TitleHNM1N,64.7
TitleJ7ALN,63.7
Title1F9JY,69.9
TitleMLWOG,54.5
Title4KT4G,65.3
TitleSIYFQ,55.9
TitleKTRH7,63.8
Title4ZEAS,63.8
Title58LHK,69.4
TitleCMDBW,73.0
TitleB05O6,66.0
Title2RBG8,66.8
TitleZPMLT,64.1
TitleNCT73,66.5
TitleRH0CG,74.5
TitleM81TL,65.1
Title59KR5,72.1
TitleX5F33,55.4
Title177J6,64.0
Title48NBL,63.3
TitleAB617,54.6
Title2ASW6,66.2
TitleRY53W,73.7
TitleDO4IN,62.8
Title1IFKE,60.5
TitleK6SAM,59.7
TitleHHZ3W,63.3
TitleZSO2H,58.6
TitleK5HUB,63.0
TitleQ2CQP,65.3
TitleP1P2T,65.7
TitleVAP78,69.5
Title1ZFZP,74.2
TitleLKNOQ,75.1
TitleF5M2L,68.3
TitleA3JWQ,61.9
TitleKLE8B,73.9
Title24VWF,70.2
TitleY8ZBM,58.7
Title9PULP,55.7
Title3NPEW,63.1
Title91S6N,55.6
TitleLG9SG,60.1
TitleXFDU5,56.5
TitleAZCMZ,55.6
TitleFNCL9,62.6
TitleZ71MW,83.4
TitleYPV5U,63.9
Title0PFVJ,69.5
Title2J7WR,52.0
TitleF9TI2,58.3
TitleAB70M,58.2
TitleDCD90,61.8
Title4N8HW,52.3
TitleF5ZFB,62.6
TitleJ2AV8,59.2
TitleF5C7V,67.6
Title9HEI4,66.0
TitleV64ZC,68.4
Title5QX7S,62.4
Title7D6RK,73.0
TitleA6QC4,64.3
Title1JMO7,59.0
TitleFJD5Y,64.3
Title4J8LW,69.5
Title5YI5T,61.3
TitleVNV55,59.2
TitleCSCQX,71.9
TitleAZKWI,55.9
Title1AJ2I,65.3
Title322DK,51.0
Title9HAQC,63.2
TitleRHZ7L,60.8
Title0CZQQ,65.4
TitleLVY1J,65.8
TitleACDIX,65.9
TitleHQM9M,62.5
TitleX0MK0,64.1
TitleV8X3S,72.6
Title2EZYK,64.2
TitleHHNNF,66.9
TitleYOYAO,66.4
TitleIQ98O,67.3
TitleIHZ2E,75.4
TitleZ5J52,58.1
TitleRGHOI,55.1
TitleIAGU0,56.8
Title023FO,66.1
TitleVXYK8,49.6
TitleOMDNT,66.5
TitleCZN3X,61.7
TitleOY6SX,71.5
TitleR4ON4,65.9
TitleWUK8H,67.5
Title9CMQT,58.0
TitleW3LFX,60.9
Title2GITH,64.5
Title19E6A,73.5
TitleYOECY,61.5
TitleAZSA4,59.1
TitlePN4UR,72.9
TitleY4YQV,50.7
TitleORBJ6,56.4
TitleYD7LT,72.1
Title8SL16,72.2
TitleXI1UQ,55.0
TitleL581I,63.1
TitleH91AX,59.0
TitleLKVIM,63.0
TitleWAUBR,63.8
TitleUHMTR,69.2
TitleZUF5M,65.5
TitleJ9J8L,68.9
TitleDYYCE,58.3
Title8N7XI,62.0
TitleAWLB2,58.4
TitleXXJ1K,64.3
TitleZF0SP,59.0
TitleWZ08A,54.7
TitleRHL71,58.6
TitleTYKX4,65.9
TitleD3RDH,73.1
TitleDXUPU,67.4
Title5L2C4,60.0
TitleSBS1A,54.9
TitleQO1HA,64.4
TitleF1GCQ,57.7
TitleN9TKA,71.9
TitleO08LI,62.4
TitleKDNOY,59.8
TitleAIU0F,58.9
TitleIFVXB,61.2
TitleT5EG9,67.0
TitleYOP1K,60.1
Title2QY9H,65.5
TitleAEVPT,58.3
TitleAAW85,70.0
Title6NA9A,67.7
TitleY8YY5,59.8
Title0UG9L,60.8
Title1ID54,60.8
TitleSMXVA,69.2
TitleIZDBA,60.1
Title975KB,59.2
TitleECHPD,59.4
TitleOBCLV,59.9
Title68J6T,66.7
Title4S2QY,66.9
Title5JGSD,70.3
TitleALTXY,63.9
TitleCWGFU,68.5
TitlePHHD0,73.8
TitleKWFTK,72.2
Title475DZ,67.3
TitleMTJM7,70.3
TitlePF61Z,67.9
TitleBJ2ER,70.2
Title50LYV,67.3
TitleH3HUJ,65.8
Title7IMHP,66.3
TitleCMKW1,59.7
Title933SF,65.8
Title7YS1E,66.8
Title7EGA7,67.7
TitleLA7DV,67.4
TitleDL0DO,74.0
Title3NZJ5,58.0
TitleZGOLB,59.0
TitleLMEVA,69.5
TitleFP0TV,48.4
TitleFMIE8,69.6
TitleJJHXW,69.9
TitleTVRI1,54.3
Title3XYTX,60.2
TitleRE4WS,72.1
Title3QVNA,65.6
TitleCUD6G,55.6
Title1Z5EF,64.1
TitleEMZJH,51.0
TitleMIMHZ,58.0
TitleE3N7P,60.7
Title9CD16,62.1
TitleDOTV0,71.0
TitleS7YMO,55.7
TitleH9SN9,53.9
TitleYPB2B,60.5
Title0XTGZ,55.6
TitleHR7DD,63.1
TitleCQ4UW,69.6
TitleZFYTR,59.7
TitlePW097,48.8
Title6U3HV,61.3
TitleB1B6J,63.4
Title3UAB7,62.6
TitleY3U4X,64.9
TitleEXMHJ,60.0
TitleZSF9E,65.8
Title6Y3XE,71.1
Title7QMJP,65.9
TitleU9T6A,67.6
Title9WJB9,66.8
TitleF0ADH,66.8
TitleL28X4,55.4
Title09SLQ,56.3
TitleGLYDJ,68.5
TitleQIR2V,65.8
TitleD0VTL,62.0
TitleT7QID,63.8
TitleNGUQY,63.2
TitleG86YF,67.1
Title23IO7,55.8
TitleWQVEK,74.6
TitleQPHUH,55.0
TitleKP4G1,68.8
Title5R18L,69.5
TitleJRGCZ,66.5
TitleQ9PBW,63.1
TitleROHOK,60.8
TitleXNCK8,71.5
TitleP6VI0,67.1
TitleRV2GZ,62.2
TitleI0P27,66.1
TitleMM4KT,52.8
TitleB9XZ4,66.0
TitleJBD8E,52.6
TitleO5VGC,63.5
TitleX32XH,66.9
Title1U11U,63.9
TitleLML3B,55.2
TitleO00RJ,67.8
TitleSN96Y,67.3
TitleKA948,50.2
TitleCVPNF,60.0
TitleFWMH1,57.2
Title2PTU0,64.5
TitleN7CXE,56.4
TitleH6PYI,59.0
Title1WBHS,65.8
Title9BDFO,44.1
Title2RE9J,61.3
TitleO3Q5A,74.7
TitleDRRFS,72.2
Title5KQ3S,70.7
Title48Y85,73.7
Title59YN5,65.7
TitleEMYF9,66.2
TitleC5GU4,58.1
Title4VATZ,67.6
Title7NA9H,58.4
Title92PQJ,62.2
TitleW302Q,57.4
TitleD00ZR,62.0
Title70LI7,68.3
Title2QB21,61.6
TitleNUPWA,68.2
Title5E9TK,56.0
TitleBQICI,62.5
TitleMKTT7,65.0
Title53X6Z,68.2
TitleT3R1J,69.2
TitleQ3FS0,62.3
TitleURBH7,57.1
TitleJLPX0,61.9
TitleSM0HS,67.8
TitleJ2GWX,66.0
TitleNAF56,61.1
TitleY5HE7,70.8
TitleBJ7S9,71.6
TitleG2N7R,69.0
TitleOFK5C,68.9
TitleII03Y,64.4
Title0K217,56.8
Title0K59O,73.5
Title8NITG,60.5
TitleKVY3W,59.0
Title6CDRU,63.0
TitleCER71,53.5
TitleSVC9G,66.6
Title33K91,69.9
TitleTZXYI,64.6
TitleU5X9V,59.5
TitleGVZWF,63.9
TitleDMING,72.9
TitleKLOX9,56.6
TitleFR2ZC,69.3
TitleN3TYW,76.1
TitleVS1Y6,60.6
TitleHJOH7,64.6
TitleD9TXZ,70.1
Title9EPDE,57.7
TitleRKYAC,69.5
TitleLMZ1H,67.1
TitleLDSLR,64.4
TitleBMT80,65.9
Title5E40D,69.1
TitleDVNA5,62.5
TitleH21KX,57.1
Title6EWP1,69.5
Title0FQTT,73.2
Title3QXI9,56.5
TitleVEJGJ,58.5
Title982EA,74.3
Title00Z6Y,57.8
TitleRJK37,62.7
Title7M9YB,62.6
TitleX21QG,57.8
TitleP1LW9,59.8
TitleWH5JN,54.0
TitleMDJBN,64.6
Title0AM7W,62.2
TitleON9VQ,63.9
Title1M5HJ,60.9
TitleGAIPV,60.2
TitlePU8YK,60.5
TitleT48HB,70.5
TitleRFQM2,66.3
TitleSYGAW,58.1
TitleBH0VD,69.8
TitleWF5UF,60.8
TitleG4KL3,58.0
Title88KT3,71.0
Title0YJOF,74.0
Title44M2Y,68.3
Title2SQHX,63.7
TitleNBDFJ,52.8
TitleE01MZ,64.4
TitleDO9SK,60.4
TitleYYTTB,61.2
TitleUO38W,67.6
TitleCB4WC,62.8
TitleCY39N,63.4
Title4T9TO,64.4
Title8POD5,61.0
TitleHK0BF,58.1
TitleDNSAF,69.0
TitleYGX7S,59.7
TitleH0QO0,67.6
TitleA8V1T,71.4
TitleWKEZP,73.0
Title6DUW5,65.9
TitleNC7PU,67.2
Title8PB1R,64.5
TitleTIE51,58.9
TitleY8A1C,49.5
Title6K5J4,67.9
TitleNB01M,63.4
TitleNJJ4A,61.6
TitleYB0J7,60.1
TitleXOHHA,54.5
TitleZVMQ2,67.1
Title0SZNQ,56.4
TitleRQ0LY,63.0
Title8F271,60.0
TitleXQ1VJ,59.7
TitleRY9PW,66.7
TitleD2PQJ,64.6
TitleW5UO5,60.7
TitleOXCQI,50.6
Title5FVH9,62.8
TitleDAP2Q,62.3
Title8UT4U,67.4
TitleZ57ZP,64.3
TitlePL2LF,53.1
TitleS6JJC,60.9
TitleM4TAB,61.7
Title1RN6T,60.0
TitleI86XF,66.5
TitleTYSUA,60.3
TitleUG3QH,61.2
TitleI4O1J,72.6
Title7NIO5,66.1
TitleZ3MF1,66.4
TitleX3IV6,61.5
TitleNOCNZ,62.3
TitlePCY3C,46.7
TitleKZ7TL,54.9
TitleH5282,59.2
TitleDPKCW,63.6
TitleQHFL7,62.6
TitleVI5LB,59.8
TitleMH112,68.7
TitleLKN5K,68.9
TitleIJ2I5,70.4
Title0ZLP6,55.1
Title0K4PP,67.6
Title44ZW0,67.7
TitleP610W,61.8
TitleBN2FZ,64.3
TitleIAZXQ,61.5
Title2N7I0,63.2
TitleEWZ0I,65.1
TitleW6T9C,61.0
Title2XNIX,63.9
TitleHMFD3,67.3
Title72UTS,69.9
TitleG78PL,67.7
TitleAF256,65.5
TitleDPNW9,59.2
Title41L4W,57.9
TitleLICVD,63.0
TitleN44AZ,66.6
TitleDRALY,52.8
TitleDMT11,59.4
Title4ATTT,64.8
TitleLE5PR,61.7
Title50PKJ,66.1
Title6XUBF,57.6
TitleNISFK,69.7
TitleB0IUQ,59.8
Title5TADF,71.6
TitleFR37S,60.3
Title089DL,68.6
TitleP66TX,54.9
TitleACX2I,55.3
TitleGIA9P,55.3
Title797F9,67.4
TitleAX69B,69.5
Title7GLBO,70.4
Title1CMC4,61.5
Title9T7UA,62.3
TitleMGDXO,73.4
TitleZD3D5,70.9
Title1H9P5,64.9
TitleW2581,56.1
TitleF698Q,65.5
TitleUPPES,54.2
Title7RFRU,59.3
Title47TZG,60.4
TitleGDWO6,60.9
TitleCP8LA,65.6
TitleQ6OK6,50.6
TitleHH40S,75.9
Title7U4FB,65.1
TitleZNY1X,70.6
TitleFOX2L,62.0
TitleBV2OI,60.0
Title6FDM3,59.9
TitleW9RRC,58.0
TitleQVDQ6,70.5
Title7AJXS,66.5
TitlePRD8L,64.2
TitleU6LVE,63.6
TitleQ94KP,66.1
TitleG7EA3,64.1
Title23V3R,53.5
TitleWH83M,52.6
TitleZT7IS,56.2
TitleE4LN6,65.2
TitleI1NZN,64.9
TitlePYUSE,68.2
TitleN43XI,78.3
TitleRMEXM,74.4
TitleMFQKI,63.1
TitleWD36X,64.6
TitleL6DQ8,61.3
TitleW8S9B,56.8
Title7QAV0,59.1
Title1BNP4,58.1
TitleW7NTM,66.2
Title7VCYO,66.7
TitleORDFV,62.4
TitleOTAI0,57.1
TitleGWTKF,65.6
Title6IWVE,54.3
Title6037P,51.0
Title49OUK,58.7
Title6QU1Q,63.6
TitleG8NXX,59.8
TitleHGNI5,62.3
TitleI15H7,62.3
TitleYTG6A,71.3
TitleZSJC8,70.3
Title3ZGDR,63.3
TitleR6M7G,67.8
TitleTUZMT,67.5
TitleHKIY4,56.8
TitleAV8ZD,67.9
TitleK1ZJK,70.8
TitleMAEQD,65.0
TitleVPKN4,65.9
Title2IRBG,63.1
TitleB5F4T,68.7
TitleZ9EFX,58.6
Title6ZEKF,65.6
Title07DWS,65.8
TitleU4JDP,64.4
Title6SHHD,48.3
TitleHBWI9,62.7
TitleGAIRZ,73.5
TitleIG32W,57.7
Title12SLE,53.3
TitlePGD0X,61.4
Title05KWT,74.3
TitleCVXCO,60.6
Title6N8EC,62.5
TitleIFI2W,68.5
TitleRNZAN,55.6
TitleSTP0N,58.3
Title353HB,57.1
Title6E9CF,57.2
TitleR3L72,67.9
TitleD2CSJ,60.7
TitleW9RDL,54.0
TitleR205P,54.4
TitleCT4IC,59.6
TitlePGH8X,62.3
TitleDM68Z,68.3
Title29DVL,60.7
TitleS90MD,68.7
Title2MII0,64.8
TitleUNRSP,65.5
TitleN3WKB,60.7
TitleV2E67,73.5
TitleFKWIR,60.1
TitleIK899,67.3
TitleV2CTC,64.4
Title34J4I,57.4
TitleUVKGI,71.9
Title92X93,60.4
Title5YS9U,68.5
TitleYVIJW,65.5
TitleF7578,56.8
TitleUH8ZZ,64.8
TitleIWBQZ,58.9
TitleWYPBG,63.9
TitleJMIYB,61.3
TitleXU1HX,63.3
TitleC3Z5W,67.3
TitleETMER,55.6
TitleHSBKJ,80.7
TitleYIQZ2,64.2
TitleW1ON9,65.6
TitleLP7PK,70.6
Title8VA0E,67.4
TitleBAWPB,68.2
TitlePQ1LB,58.0
Title9BRV6,65.5
TitleJUKA7,64.6
TitleQ65CJ,59.9
TitleBOJWQ,55.2
TitleU7RSC,79.8
TitleOWURI,53.8
TitleOE6AS,59.6
TitleMBBS1,66.5
TitleM1HKD,65.8
TitleGAVCJ,75.6
TitleE21NV,69.1
TitleEN056,60.6
TitleQRXCS,67.3
TitlePZTC6,59.5
Title5Y5W3,57.9
Title4CYVQ,66.8
TitleB6BI2,79.3
TitleW4TC6,50.9
TitleWIETD,61.9
TitleSKV0E,64.9
Title20EBE,74.2
Title6EPNM,57.0
TitleWM5AJ,63.0
TitleD41S4,64.8
TitleZOR84,68.1
TitleEABKA,62.2
TitleZLB8C,60.1
Title7R8KZ,66.2
TitleH8FIQ,55.3
TitleMKIM4,52.7
TitleQM62M,54.5
TitleEKK3G,64.4
TitleY22DA,64.1
TitleMKO4Z,64.2
TitleDCVTS,66.7
TitleCEYQC,65.5
TitleCDBOX,63.2
TitleEORA1,71.1
Title2BAIR,68.2
TitleT1XSZ,67.3
TitleHPQPB,67.3
Title876D6,69.5
TitleFL87W,68.9
TitleJFW2L,68.6
Title6ETEZ,56.7
TitleH1E78,73.4
TitleQYOJJ,66.1
TitleQL8HE,65.0
TitleZT3Q8,69.9
TitleTZWKL,70.0
Title7M6WY,53.2
TitleYM8T9,61.1
Title785GK,70.3
Title5N8TI,64.8
TitleUH7N5,65.4
TitleGG5O3,66.7
TitleKVU1H,59.0
TitleWK7OQ,71.9
TitleQ8GET,57.7
Title6QMQ2,64.4
TitleZRLPI,63.6
TitleHQOJX,68.7
TitleBWVPD,71.6
TitleBCHD2,62.6
Title64G3U,60.9
TitleW2FJH,63.4
TitleVC0G9,61.8
TitleP5UAW,55.5
TitleNZ29W,69.0
TitleJKOIP,59.0
TitleJW57A,74.2
TitleM9PH0,65.2
Title0KKRY,70.1
TitleCVUZS,64.8
Title6MQXH,63.2
Title63N52,71.1
Title9R4QJ,68.5
TitleTQAG6,58.9
Title4DYBD,71.5
Title0DGLT,74.1
TitleEDT5D,72.2
Title89EJJ,69.0
TitleQRHV4,65.0
TitleTL8TV,71.1
TitleJ5XQU,65.6
TitleXELRZ,65.5
Title65YIV,67.3
TitleZ56L4,60.9
TitleWJU2L,66.1
TitleSQI25,68.8
TitleCWV72,58.9
TitleHV0G3,59.5
TitleEWB0E,66.2
TitleG09TB,59.3
TitleSXKMN,56.3
TitleK6ZPA,75.0
TitleGE5XP,54.9
TitleYBVTC,56.5
Title26GJJ,67.8
TitleC8QVY,59.7
Title373LX,60.1
Title4BQM0,65.2
TitleKIH6U,63.2
TitleYNDC7,65.2
TitleV26B8,68.1
TitleT7E70,56.0
TitleBTM08,64.3
TitleED1WD,67.1
TitleCTHSR,66.8
TitleJYFJB,64.0
TitleIK2Y3,57.2
TitleAP6X5,73.7
TitleIMIXB,66.9
Title8AEMM,67.0
TitleH9JV2,65.0
TitleZRT1P,57.9
Title58T6W,62.2
TitleOSF13,71.0
TitleKCU06,71.1
TitleXY39W,55.9
TitleFJW2F,40.4
TitleYE2BG,62.7
Title29M36,67.9
TitleH04BX,70.5
TitleLZ8O6,65.2
Title7UF4N,45.8
Title4PV8C,66.2
TitleN08R7,69.3
TitleTND66,60.9
TitleQIO3U,56.1
Title3PDJ0,53.9
TitleEVNEJ,61.4
Title0JXLB,60.8
TitleSST1A,78.1
TitleW4RI9,58.9
TitleUCX3N,72.0
TitleEA9MG,64.7
TitleCNW0A,72.5
TitleRE4FM,60.7
Title2N282,56.6
TitleVR7UT,75.7
TitleUWZIY,65.8
Title3A64B,69.3
TitleRBCFJ,68.3
TitleNYTFH,62.8
TitleBGRFC,64.8
TitleWWJ6X,56.9
TitleNK350,58.8
Title1N1II,74.3
TitleM1UE9,70.3
TitleHYQT7,64.0
TitleG814W,64.6
TitleB0PMY,55.5
TitleBBUFI,65.5
TitleG5VSK,65.3
Title5RUV3,68.2
TitleSEV42,64.0
Title438K1,69.6
TitleUZ3DI,66.6
TitleHT479,58.8
TitleKBBTU,63.9
TitleEV9GF,58.4
TitleKRMRZ,68.0
TitleBB3E1,62.6
TitleC6G9C,65.9
TitleVBED8,68.8
TitleBICN0,67.4
TitleIOVVV,62.1
TitleQRU5M,51.0
TitleL5J9W,56.6
TitleKAYDU,56.3
TitleS74OE,62.0
Title7X8D0,54.1
Title4TXOJ,56.8
TitleAI24X,67.4
Title7WRG6,61.0
Title2BHH1,64.5
Title5Q95N,60.9
Title31YAI,66.3
TitleJ2D0S,75.7
TitleATXPL,63.9
TitleT46RS,51.4
TitleX7JJE,62.9
TitleS1BAY,67.6
TitleAELWU,69.0
TitleSYDI4,71.7
TitleQVPSC,64.2
TitleQSNGK,68.6
TitleJZOKZ,64.4
TitleDJ0MS,62.9
TitleMTTRN,54.6
Title8E50X,56.5
Title1EW9T,56.0
TitleUQVUM,63.2
TitleWVYG8,66.0
TitleHTUKM,74.7
TitleIYOUQ,57.6
Title11T9M,58.1
TitleBSUA5,64.9
Title1QXPN,66.1
Title1NYOF,68.6
TitleIHHFR,57.8
TitleQYFNT,64.6
TitleVH335,56.7
Title1PTQJ,58.4
TitleQEZ5P,62.4
TitleCVH6V,69.8
TitleTC6OH,63.2
Title6R7VX,67.7
TitleMYCRA,65.1
TitleITC20,59.9
TitleCY245,60.9
TitleO09DL,63.5
TitleZQGIB,50.1
TitleJS6ZB,66.2
Title0GRHA,69.4
TitleGQJU7,59.2
Title3XO7D,64.3
TitleKZCMH,48.0
TitleUDKQ1,53.0
TitleIPVDH,65.8
TitlePF3W3,68.9
TitleCLRD7,61.0
Title8UJDQ,66.8
Title5DNSM,64.7
TitleO56F5,63.2
Title2K05N,72.4
TitleHQL6Q,63.4
TitlePOL75,63.4
TitleH149Z,64.4
TitleGPKAD,61.6
Title7QHF1,65.7
TitleK52R1,66.1
TitleGBD4N,70.0
TitleUWIF4,65.9
TitleK650G,54.2
Title2J3RP,75.3
TitleFM63F,55.5
Title2H7IY,64.0
Title1LVHT,54.0
TitleD9415,68.3
TitleI4YA3,52.0
TitleZGBPH,68.1
TitleEX9NJ,66.4
TitleGADOR,70.2
TitleA63P3,65.0
Title45VUD,61.6
Title5NV8S,60.5
Title3V1YD,62.2
TitleSALYL,64.6
TitleGFAC5,75.0
Title089HE,68.6
TitleDL9GJ,70.1
TitleUHTM4,68.7
TitleT6597,68.6
Title4JXJP,62.0
Title10CGL,71.7
TitleR230U,68.2
Title0XBLE,70.8
TitleRTKQ1,61.6
TitleCB5C1,64.0
TitleIG6QE,55.7
Title3Q3HJ,59.0
TitleVC5GO,65.2
Title9MRRH,69.1
Title6KYB0,69.2
TitleNPO27,72.0
Title2L8OW,67.3
Title5UTR7,56.6
TitleDXK1W,56.2
TitleOLE7C,67.4
TitleXL6Z6,72.0
TitleCAA9S,62.4
TitleS1Y5O,67.3
TitleXMATD,64.7
TitleKWA72,62.9
TitleENUVN,58.1
TitleBW1EW,61.7
TitleHQ967,62.2
TitleVGANC,54.0
TitleOTR0Z,65.5
TitleS7HU7,66.2
TitleNQJH0,76.0
Title8HXM3,66.1
Title61N9H,63.1
Title8FDTI,57.2
Title3FCY5,61.0
TitleOLVPE,72.0
TitleWFDXU,67.6
Title0YDK4,53.5
TitleBM1J1,59.9
Title4NNTJ,64.5
TitleLN5S1,58.0
TitleD2ASQ,67.6
TitleA5VUC,66.3
TitleZ9MGC,68.3
TitleU5YAN,64.9
TitleLEEH4,66.6
Title3DN74,67.2
TitleB4YP4,64.2
TitleTH53P,60.7
Title0RM9L,58.6
TitleGRMFX,65.8
TitleU4J6Y,55.5
TitleHKMEL,78.2
TitleSHH1C,66.9
TitleKEFUI,59.3
TitleWMLN5,65.7
TitleOMMTU,64.2
Title2Q1A9,71.6
TitleMJDL6,52.2
TitleILV1L,66.4
TitleQMD0X,59.3
TitleQ9EJZ,59.4
Title3G91J,69.4
Title7CL9L,65.6
Title4RL5S,57.4
TitleRBS9E,77.9
TitleA05R3,76.3
Title22SSR,53.8
Title80TYK,60.1
TitleA40GC,69.3
TitleIRIEQ,73.4
Title8NPO9,52.3
TitleJZ2NF,64.8
TitleSLJPK,62.4
TitleNH5I5,55.7
Title7O3R2,69.2
TitleBIYMP,61.5
TitleVZIP5,60.2
TitleG7BX1,52.5
TitleO6Z5U,70.5
TitleWOXPP,70.5
Title1S5QW,62.9
TitleXFWI1,71.2
TitleK6XN7,67.9
TitleJNMG2,71.4
Title4YBEE,71.7
TitleBPK6B,58.3
Title690RK,57.9
TitleZNXDK,69.7
TitleQPIVB,72.1
TitleD4B9D,61.5
TitleIUTZC,66.9
TitleDXXBE,63.8
TitleXEU8K,54.4
Title435A8,66.5
TitleEMEG7,68.0
TitleIOC2Z,59.8
TitleQOEH4,68.8
TitleI6R8T,58.1
TitleLWAMH,60.1
TitleVQIJP,62.4
TitleQJVOB,66.5
TitleJTUG8,74.9
TitlePCJK5,60.3
TitleW6NUX,58.8
TitleH0MK9,55.7
TitleCITBB,62.1
Title3TTX6,67.9
TitleSNG6L,60.1
Title9QPAT,65.4
TitleJE4ED,66.8
TitleMONPH,87.6
TitleUHCL9,57.7
TitleT5N6V,59.0
TitleL9VTS,62.7
TitleITQGT,82.1
TitleYDA9K,62.8
TitleVV5L7,67.5
TitleZOQA6,70.1
Title0R5AG,63.5
Title1NE07,67.3
TitleHQ1DR,61.4
TitleV70ZI,57.6
TitleMT4BN,68.8
TitleGAVYD,64.4
TitleVZFNB,63.1
TitlePCTNX,61.6
TitleV6H0Y,67.7
Title2EI06,66.6
Title1U117,48.0
TitleXIDEN,69.5
TitleF8RSB,69.4
TitleS8K8L,66.1
TitleB8JEX,59.9
TitleRXSOT,62.3
TitleJK7I2,58.3
Title44YUQ,64.2
TitleD53TZ,61.2
TitlePJHNR,64.3
TitleEOHQM,63.2
TitleI1NT0,63.3
TitleP3NUG,65.2
TitleUQFC9,66.7
TitleAMI78,69.0
TitlePFTQR,66.0
TitleR3I65,76.0
TitleUQKH9,73.7
TitleCR7TX,65.7
TitleGNZ9A,58.8
TitleC7BSE,64.4
TitleSF3JL,67.4
TitleXX9NB,61.1
TitleR662H,72.5
TitleTE3RE,71.9
Title6U3L5,67.7
TitleXXWWU,67.8
TitleY7CAH,66.4
Title2ENFB,65.5
TitleH7AWM,66.7
TitleGSR96,59.8
TitleA974Y,73.8
TitleKRD9S,71.8
TitleIC1XX,59.8
TitleHF4BN,55.9
TitleSKPGV,62.4
TitleN8ORD,62.6
TitleRULS9,64.2
TitleX989N,56.2
TitleLCQ2F,65.5
TitleODWHI,70.3
TitleWMB1Z,60.7
TitleIAMBX,55.1
TitleMW5XJ,64.5
TitleUFI52,72.0
TitleYNEJ5,54.3
TitleTHPVI,64.8
TitleXKJI4,67.1
Title4FAJZ,72.0
TitleL1LU4,69.8
TitleT3T7L,64.9
Title9PWUT,63.9
TitleGPI1Y,54.2
TitleJGSGL,51.4
TitleJTFJF,51.9
TitleQAY87,57.8
TitleVZQ1Z,61.5
TitleBJVZH,73.2
TitleWGVF6,66.9
Title84262,65.2
TitleS708T,49.2
Title5Y3QW,72.2
TitleGJ5D5,63.0
TitleG472T,62.7
TitleJT36Q,57.8
TitleGR2WP,61.8
Title5FQID,68.4
Title2D482,64.3
TitleN5G1W,66.8
TitleVQ2HA,56.4
TitleU5Q5B,58.5
TitleL6V9A,71.7
Title2R8VU,61.2
Title7HCNJ,70.1
TitleCD5YZ,56.4
Title8OKXL,58.6
TitleHFQT8,56.2
